{
    "name": "root",
    "gauges": {
        "Herder_BB_ActionSelection1.Policy.Entropy.mean": {
            "value": 0.2743677496910095,
            "min": 0.2253846824169159,
            "max": 1.3862314224243164,
            "count": 910
        },
        "Herder_BB_ActionSelection1.Policy.Entropy.sum": {
            "value": 1521.0948486328125,
            "min": 1087.2557373046875,
            "max": 9581.6318359375,
            "count": 910
        },
        "Herder_BB_ActionSelection1.Curriculumstep.mean": {
            "value": 11.0,
            "min": 0.0,
            "max": 11.0,
            "count": 786
        },
        "Herder_BB_ActionSelection1.Curriculumstep.sum": {
            "value": 11.0,
            "min": 0.0,
            "max": 11.0,
            "count": 786
        },
        "Herder_BB_ActionSelection1.Environment.EpisodeLength.mean": {
            "value": 152.6315789473684,
            "min": 58.7032967032967,
            "max": 613.0,
            "count": 791
        },
        "Herder_BB_ActionSelection1.Environment.EpisodeLength.sum": {
            "value": 5800.0,
            "min": 122.0,
            "max": 22068.0,
            "count": 791
        },
        "Herder_BB_ActionSelection1.Policy.ExtrinsicValueEstimate.mean": {
            "value": -0.022989260032773018,
            "min": -0.8107870817184448,
            "max": 0.08062269538640976,
            "count": 910
        },
        "Herder_BB_ActionSelection1.Policy.ExtrinsicValueEstimate.sum": {
            "value": -2.1380012035369873,
            "min": -63.241390228271484,
            "max": 9.190987586975098,
            "count": 910
        },
        "Herder_BB_ActionSelection1.Environment.CumulativeReward.mean": {
            "value": -0.6832931848133311,
            "min": -40.40157979064517,
            "max": 0.15550993540707755,
            "count": 798
        },
        "Herder_BB_ActionSelection1.Environment.CumulativeReward.sum": {
            "value": -23.23196828365326,
            "min": -1454.4568724632263,
            "max": 13.218344509601593,
            "count": 798
        },
        "Herder_BB_ActionSelection1.Policy.ExtrinsicReward.mean": {
            "value": -0.6832931848133311,
            "min": -40.40157979064517,
            "max": 0.15550993540707755,
            "count": 798
        },
        "Herder_BB_ActionSelection1.Policy.ExtrinsicReward.sum": {
            "value": -23.23196828365326,
            "min": -1454.4568724632263,
            "max": 13.218344509601593,
            "count": 798
        },
        "Herder_BB_ActionSelection1.Losses.PolicyLoss.mean": {
            "value": 0.06733348833022676,
            "min": 0.05228714627446607,
            "max": 0.08517405340920531,
            "count": 910
        },
        "Herder_BB_ActionSelection1.Losses.PolicyLoss.sum": {
            "value": 0.20200046499068028,
            "min": 0.06189599549397826,
            "max": 0.2358235327946935,
            "count": 910
        },
        "Herder_BB_ActionSelection1.Losses.ValueLoss.mean": {
            "value": 0.020197668430103243,
            "min": 0.00015602821649399293,
            "max": 0.04458329034411229,
            "count": 910
        },
        "Herder_BB_ActionSelection1.Losses.ValueLoss.sum": {
            "value": 0.060593005290309726,
            "min": 0.000218732701857031,
            "max": 0.106294983292481,
            "count": 910
        },
        "Herder_BB_ActionSelection1.Policy.LearningRate.mean": {
            "value": 0.00022726188909524803,
            "min": 0.00022726188909524803,
            "max": 0.000249982740006904,
            "count": 910
        },
        "Herder_BB_ActionSelection1.Policy.LearningRate.sum": {
            "value": 0.0006817856672857441,
            "min": 0.00024633762146495205,
            "max": 0.000749062530374988,
            "count": 910
        },
        "Herder_BB_ActionSelection1.Policy.Epsilon.mean": {
            "value": 0.027276198400000007,
            "min": 0.020005523200000007,
            "max": 0.027276198400000007,
            "count": 910
        },
        "Herder_BB_ActionSelection1.Policy.Epsilon.sum": {
            "value": 0.08182859520000002,
            "min": 0.020116054400000017,
            "max": 0.08182859520000002,
            "count": 910
        },
        "Herder_BB_ActionSelection1.Policy.Beta.mean": {
            "value": 9.18142768e-05,
            "min": 9.18142768e-05,
            "max": 9.999378640000003e-05,
            "count": 910
        },
        "Herder_BB_ActionSelection1.Policy.Beta.sum": {
            "value": 0.0002754428304,
            "min": 9.868154320000002e-05,
            "max": 0.0002996625108000001,
            "count": 910
        },
        "Herder_BB_ActionSelection1.IsTraining.mean": {
            "value": 1.0,
            "min": 1.0,
            "max": 1.0,
            "count": 910
        },
        "Herder_BB_ActionSelection1.IsTraining.sum": {
            "value": 1.0,
            "min": 1.0,
            "max": 1.0,
            "count": 910
        }
    },
    "metadata": {
        "timer_format_version": "0.1.0",
        "start_time_seconds": "1679484093",
        "python_version": "3.6.8 (default, Nov  8 2022, 11:32:15) \n[GCC 8.5.0 20210514 (Red Hat 8.5.0-15)]",
        "command_line_arguments": "/home/576/gp9465/.local/bin/mlagents-learn /home/576/gp9465/UnityBuilds/TS/Herders_BB.yaml --env=/home/576/gp9465/UnityBuilds/TS/Shepherding_BB.x86_64 --run-id=Shepherding_TS_10 --base-port 5020",
        "mlagents_version": "0.25.0",
        "mlagents_envs_version": "0.25.0",
        "communication_protocol_version": "1.5.0",
        "pytorch_version": "1.7.1",
        "numpy_version": "1.19.5",
        "end_time_seconds": "1679489257"
    },
    "total": 5163.630634196103,
    "count": 1,
    "self": 0.032352151814848185,
    "children": {
        "run_training.setup": {
            "total": 0.25096743926405907,
            "count": 1,
            "self": 0.25096743926405907
        },
        "TrainerController.start_learning": {
            "total": 5163.347314605024,
            "count": 1,
            "self": 4.6492745550349355,
            "children": {
                "TrainerController._reset_env": {
                    "total": 9.786452807951719,
                    "count": 1,
                    "self": 9.786452807951719
                },
                "TrainerController.advance": {
                    "total": 5148.709321857896,
                    "count": 131465,
                    "self": 2.045252861920744,
                    "children": {
                        "env_step": {
                            "total": 5146.664068995975,
                            "count": 131465,
                            "self": 4140.339624149259,
                            "children": {
                                "SubprocessEnvManager._take_step": {
                                    "total": 1004.5222705760971,
                                    "count": 131465,
                                    "self": 14.170609758701175,
                                    "children": {
                                        "TorchPolicy.evaluate": {
                                            "total": 990.3516608173959,
                                            "count": 126471,
                                            "self": 206.83757623797283,
                                            "children": {
                                                "TorchPolicy.sample_actions": {
                                                    "total": 783.5140845794231,
                                                    "count": 126471,