{
    "name": "root",
    "gauges": {
        "Herder_BB_ActionSelection1.Policy.Entropy.mean": {
            "value": 0.3026862144470215,
            "min": 0.24504384398460388,
            "max": 1.3862289190292358,
            "count": 998
        },
        "Herder_BB_ActionSelection1.Policy.Entropy.sum": {
            "value": 1525.53857421875,
            "min": 1172.341064453125,
            "max": 9581.6142578125,
            "count": 998
        },
        "Herder_BB_ActionSelection1.Curriculumstep.mean": {
            "value": 11.0,
            "min": 0.0,
            "max": 11.0,
            "count": 869
        },
        "Herder_BB_ActionSelection1.Curriculumstep.sum": {
            "value": 11.0,
            "min": 0.0,
            "max": 11.0,
            "count": 869
        },
        "Herder_BB_ActionSelection1.Policy.ExtrinsicValueEstimate.mean": {
            "value": -0.023473944514989853,
            "min": -0.9106965661048889,
            "max": 0.031222445890307426,
            "count": 998
        },
        "Herder_BB_ActionSelection1.Policy.ExtrinsicValueEstimate.sum": {
            "value": -2.230024814605713,
            "min": -71.03433227539062,
            "max": 3.434468984603882,
            "count": 998
        },
        "Herder_BB_ActionSelection1.Environment.EpisodeLength.mean": {
            "value": 128.4,
            "min": 61.666666666666664,
            "max": 613.0,
            "count": 875
        },
        "Herder_BB_ActionSelection1.Environment.EpisodeLength.sum": {
            "value": 3852.0,
            "min": 142.0,
            "max": 22068.0,
            "count": 875
        },
        "Herder_BB_ActionSelection1.Losses.PolicyLoss.mean": {
            "value": 0.06983205397601092,
            "min": 0.05465926228604023,
            "max": 0.08538031658584563,
            "count": 998
        },
        "Herder_BB_ActionSelection1.Losses.PolicyLoss.sum": {
            "value": 0.13966410795202183,
            "min": 0.05465926228604023,
            "max": 0.2344039777229887,
            "count": 998
        },
        "Herder_BB_ActionSelection1.Losses.ValueLoss.mean": {
            "value": 0.020143216918018368,
            "min": 0.0001602925004354566,
            "max": 0.03492081092725344,
            "count": 998
        },
        "Herder_BB_ActionSelection1.Losses.ValueLoss.sum": {
            "value": 0.040286433836036736,
            "min": 0.00019737662498502887,
            "max": 0.09736665876527481,
            "count": 998
        },
        "Herder_BB_ActionSelection1.Policy.LearningRate.mean": {
            "value": 0.00022506588997364804,
            "min": 0.00022506588997364804,
            "max": 0.00024998300000680007,
            "count": 998
        },
        "Herder_BB_ActionSelection1.Policy.LearningRate.sum": {
            "value": 0.0004501317799472961,
            "min": 0.000245813871674452,
            "max": 0.0007490641503743402,
            "count": 998
        },
        "Herder_BB_ActionSelection1.Policy.Epsilon.mean": {
            "value": 0.027978918400000004,
            "min": 0.020005439999999996,
            "max": 0.027978918400000004,
            "count": 998
        },
        "Herder_BB_ActionSelection1.Policy.Epsilon.sum": {
            "value": 0.05595783680000001,
            "min": 0.020116086400000014,
            "max": 0.0838687232,
            "count": 998
        },
        "Herder_BB_ActionSelection1.Policy.Beta.mean": {
            "value": 9.10237168e-05,
            "min": 9.10237168e-05,
            "max": 9.999388000000001e-05,
            "count": 998
        },
        "Herder_BB_ActionSelection1.Policy.Beta.sum": {
            "value": 0.0001820474336,
            "min": 9.849299320000002e-05,
            "max": 0.00029966309399999993,
            "count": 998
        },
        "Herder_BB_ActionSelection1.Environment.CumulativeReward.mean": {
            "value": -1.0354767074951758,
            "min": -43.119442111916015,
            "max": 0.01022882392441017,
            "count": 880
        },
        "Herder_BB_ActionSelection1.Environment.CumulativeReward.sum": {
            "value": -40.38359159231186,
            "min": -1552.2999160289764,
            "max": 0.7057888507843018,
            "count": 880
        },
        "Herder_BB_ActionSelection1.Policy.ExtrinsicReward.mean": {
            "value": -1.0354767074951758,
            "min": -43.119442111916015,
            "max": 0.01022882392441017,
            "count": 880
        },
        "Herder_BB_ActionSelection1.Policy.ExtrinsicReward.sum": {
            "value": -40.38359159231186,
            "min": -1552.2999160289764,
            "max": 0.7057888507843018,
            "count": 880
        },
        "Herder_BB_ActionSelection1.IsTraining.mean": {
            "value": 1.0,
            "min": 1.0,
            "max": 1.0,
            "count": 998
        },
        "Herder_BB_ActionSelection1.IsTraining.sum": {
            "value": 1.0,
            "min": 1.0,
            "max": 1.0,
            "count": 998
        }
    },
    "metadata": {
        "timer_format_version": "0.1.0",
        "start_time_seconds": "1679484096",
        "python_version": "3.6.8 (default, Nov  8 2022, 11:32:15) \n[GCC 8.5.0 20210514 (Red Hat 8.5.0-15)]",
        "command_line_arguments": "/home/576/gp9465/.local/bin/mlagents-learn /home/576/gp9465/UnityBuilds/TS/Herders_BB.yaml --env=/home/576/gp9465/UnityBuilds/TS/Shepherding_BB.x86_64 --run-id=Shepherding_TS_1 --base-port 5011",
        "mlagents_version": "0.25.0",
        "mlagents_envs_version": "0.25.0",
        "communication_protocol_version": "1.5.0",
        "pytorch_version": "1.7.1",
        "numpy_version": "1.19.5",
        "end_time_seconds": "1679490211"
    },
    "total": 6115.238672616892,
    "count": 1,
    "self": 0.9118252010084689,
    "children": {
        "run_training.setup": {
            "total": 0.2816285607405007,
            "count": 1,
            "self": 0.2816285607405007
        },
        "TrainerController.start_learning": {
            "total": 6114.045218855143,
            "count": 1,
            "self": 4.238719693385065,
            "children": {
                "TrainerController._reset_env": {
                    "total": 4.3412370048463345,
                    "count": 1,
                    "self": 4.3412370048463345
                },
                "TrainerController.advance": {
                    "total": 6105.275869891979,
                    "count": 144205,
                    "self": 2.0840303916484118,
                    "children": {
                        "env_step": {
                            "total": 6103.19183950033,
                            "count": 144205,
                            "self": 4853.075048896484,
                            "children": {
                                "SubprocessEnvManager._take_step": {
                                    "total": 1248.3546744105406,
                                    "count": 144205,
                                    "self": 15.457138853147626,
                                    "children": {
                                        "TorchPolicy.evaluate": {
                                            "total": 1232.897535557393,
                                            "count": 138682,
                                            "self": 253.27768078865483,
                                            "children": {
                                                "TorchPolicy.sample_actions": {
                                                    "total": 979.6198547687382,
                                                    "count": 138682,