{
    "name": "root",
    "gauges": {
        "Herder_BB_ActionSelection1.Policy.Entropy.mean": {
            "value": 0.29906532168388367,
            "min": 0.24623653292655945,
            "max": 1.386247158050537,
            "count": 856
        },
        "Herder_BB_ActionSelection1.Policy.Entropy.sum": {
            "value": 1453.45751953125,
            "min": 1110.959228515625,
            "max": 9581.740234375,
            "count": 856
        },
        "Herder_BB_ActionSelection1.Curriculumstep.mean": {
            "value": 11.0,
            "min": 0.0,
            "max": 11.0,
            "count": 743
        },
        "Herder_BB_ActionSelection1.Curriculumstep.sum": {
            "value": 11.0,
            "min": 0.0,
            "max": 11.0,
            "count": 743
        },
        "Herder_BB_ActionSelection1.Policy.ExtrinsicValueEstimate.mean": {
            "value": -0.046673089265823364,
            "min": -0.8988615870475769,
            "max": 0.03031434491276741,
            "count": 856
        },
        "Herder_BB_ActionSelection1.Policy.ExtrinsicValueEstimate.sum": {
            "value": -4.247251033782959,
            "min": -70.32781219482422,
            "max": 3.0920631885528564,
            "count": 856
        },
        "Herder_BB_ActionSelection1.Losses.PolicyLoss.mean": {
            "value": 0.07691537226007009,
            "min": 0.052566557676376156,
            "max": 0.08286048459315984,
            "count": 856
        },
        "Herder_BB_ActionSelection1.Losses.PolicyLoss.sum": {
            "value": 0.15383074452014017,
            "min": 0.05899306855474909,
            "max": 0.23414578575951356,
            "count": 856
        },
        "Herder_BB_ActionSelection1.Losses.ValueLoss.mean": {
            "value": 0.01942672140042608,
            "min": 0.0001656219059508725,
            "max": 0.0426047978517427,
            "count": 856
        },
        "Herder_BB_ActionSelection1.Losses.ValueLoss.sum": {
            "value": 0.03885344280085216,
            "min": 0.00016705658035115684,
            "max": 0.09935070105198332,
            "count": 856
        },
        "Herder_BB_ActionSelection1.Policy.LearningRate.mean": {
            "value": 0.00022860987855605203,
            "min": 0.00022860987855605203,
            "max": 0.00024998272000691205,
            "count": 856
        },
        "Herder_BB_ActionSelection1.Policy.LearningRate.sum": {
            "value": 0.00045721975711210405,
            "min": 0.000247012421195032,
            "max": 0.000749062560374976,
            "count": 856
        },
        "Herder_BB_ActionSelection1.Policy.Epsilon.mean": {
            "value": 0.026844841600000002,
            "min": 0.020005529600000002,
            "max": 0.026844841600000002,
            "count": 856
        },
        "Herder_BB_ActionSelection1.Policy.Epsilon.sum": {
            "value": 0.053689683200000005,
            "min": 0.020116051200000002,
            "max": 0.08050920960000002,
            "count": 856
        },
        "Herder_BB_ActionSelection1.Policy.Beta.mean": {
            "value": 9.22995532e-05,
            "min": 9.22995532e-05,
            "max": 9.999377920000002e-05,
            "count": 856
        },
        "Herder_BB_ActionSelection1.Policy.Beta.sum": {
            "value": 0.0001845991064,
            "min": 9.892447120000002e-05,
            "max": 0.0002996625215999999,
            "count": 856
        },
        "Herder_BB_ActionSelection1.IsTraining.mean": {
            "value": 1.0,
            "min": 1.0,
            "max": 1.0,
            "count": 856
        },
        "Herder_BB_ActionSelection1.IsTraining.sum": {
            "value": 1.0,
            "min": 1.0,
            "max": 1.0,
            "count": 856
        },
        "Herder_BB_ActionSelection1.Environment.EpisodeLength.mean": {
            "value": 181.71428571428572,
            "min": 18.5,
            "max": 613.0,
            "count": 746
        },
        "Herder_BB_ActionSelection1.Environment.EpisodeLength.sum": {
            "value": 5088.0,
            "min": 74.0,
            "max": 22074.0,
            "count": 746
        },
        "Herder_BB_ActionSelection1.Environment.CumulativeReward.mean": {
            "value": -1.4896386295557023,
            "min": -44.20179266399808,
            "max": 0.11369722485542297,
            "count": 746
        },
        "Herder_BB_ActionSelection1.Environment.CumulativeReward.sum": {
            "value": -44.689158886671066,
            "min": -1591.2645359039307,
            "max": 6.821833491325378,
            "count": 746
        },
        "Herder_BB_ActionSelection1.Policy.ExtrinsicReward.mean": {
            "value": -1.4896386295557023,
            "min": -44.20179266399808,
            "max": 0.11369722485542297,
            "count": 746
        },
        "Herder_BB_ActionSelection1.Policy.ExtrinsicReward.sum": {
            "value": -44.689158886671066,
            "min": -1591.2645359039307,
            "max": 6.821833491325378,
            "count": 746
        }
    },
    "metadata": {
        "timer_format_version": "0.1.0",
        "start_time_seconds": "1679490651",
        "python_version": "3.6.8 (default, Nov  8 2022, 11:32:15) \n[GCC 8.5.0 20210514 (Red Hat 8.5.0-15)]",
        "command_line_arguments": "/home/576/gp9465/.local/bin/mlagents-learn /home/576/gp9465/UnityBuilds/TS/Herders_BB.yaml --env=/home/576/gp9465/UnityBuilds/TS/Shepherding_BB.x86_64 --run-id=Shepherding_TS_19 --base-port 5029",
        "mlagents_version": "0.25.0",
        "mlagents_envs_version": "0.25.0",
        "communication_protocol_version": "1.5.0",
        "pytorch_version": "1.7.1",
        "numpy_version": "1.19.5",
        "end_time_seconds": "1679495423"
    },
    "total": 4771.298847408034,
    "count": 1,
    "self": 0.04237179923802614,
    "children": {
        "run_training.setup": {
            "total": 0.5987373976968229,
            "count": 1,
            "self": 0.5987373976968229
        },
        "TrainerController.start_learning": {
            "total": 4770.657738211099,
            "count": 1,
            "self": 4.295528396964073,
            "children": {
                "TrainerController._reset_env": {
                    "total": 13.93905228516087,
                    "count": 1,
                    "self": 13.93905228516087
                },
                "TrainerController.advance": {
                    "total": 4752.208102624863,
                    "count": 123849,
                    "self": 1.8635527230799198,
                    "children": {
                        "env_step": {
                            "total": 4750.3445499017835,
                            "count": 123849,
                            "self": 3814.586690340657,
                            "children": {
                                "SubprocessEnvManager._take_step": {
                                    "total": 934.1032096655108,
                                    "count": 123849,
                                    "self": 13.110916881356388,
                                    "children": {
                                        "TorchPolicy.evaluate": {
                                            "total": 920.9922927841544,
                                            "count": 119031,
                                            "self": 191.03175162430853,
                                            "children": {
                                                "TorchPolicy.sample_actions": {
                                                    "total": 729.9605411598459,
                                                    "count": 119031,