{
    "name": "root",
    "gauges": {
        "Herder_BB_ActionSelection1.Policy.Entropy.mean": {
            "value": 0.26095080375671387,
            "min": 0.23791952431201935,
            "max": 1.3862282037734985,
            "count": 1079
        },
        "Herder_BB_ActionSelection1.Policy.Entropy.sum": {
            "value": 1174.278564453125,
            "min": 962.5722045898438,
            "max": 9581.609375,
            "count": 1079
        },
        "Herder_BB_ActionSelection1.Curriculumstep.mean": {
            "value": 11.0,
            "min": 0.0,
            "max": 11.0,
            "count": 996
        },
        "Herder_BB_ActionSelection1.Curriculumstep.sum": {
            "value": 11.0,
            "min": 0.0,
            "max": 11.0,
            "count": 996
        },
        "Herder_BB_ActionSelection1.Policy.ExtrinsicValueEstimate.mean": {
            "value": 0.017062051221728325,
            "min": -0.7935476303100586,
            "max": 0.017062051221728325,
            "count": 1079
        },
        "Herder_BB_ActionSelection1.Policy.ExtrinsicValueEstimate.sum": {
            "value": 1.7232671976089478,
            "min": -62.69026184082031,
            "max": 1.7232671976089478,
            "count": 1079
        },
        "Herder_BB_ActionSelection1.Losses.PolicyLoss.mean": {
            "value": 0.06990595252878562,
            "min": 0.05191639322341264,
            "max": 0.08678390687055071,
            "count": 1079
        },
        "Herder_BB_ActionSelection1.Losses.PolicyLoss.sum": {
            "value": 0.13981190505757124,
            "min": 0.055515946489691305,
            "max": 0.25641898554749787,
            "count": 1079
        },
        "Herder_BB_ActionSelection1.Losses.ValueLoss.mean": {
            "value": 0.02047647624424951,
            "min": 0.00020281933710201107,
            "max": 0.03367039959670769,
            "count": 1079
        },
        "Herder_BB_ActionSelection1.Losses.ValueLoss.sum": {
            "value": 0.04095295248849902,
            "min": 0.00040563867420402214,
            "max": 0.09248742059001006,
            "count": 1079
        },
        "Herder_BB_ActionSelection1.Policy.LearningRate.mean": {
            "value": 0.00022303897078441602,
            "min": 0.00022303897078441602,
            "max": 0.00024998272000691205,
            "count": 1079
        },
        "Herder_BB_ActionSelection1.Policy.LearningRate.sum": {
            "value": 0.00044607794156883204,
            "min": 0.00024701277119489187,
            "max": 0.000749063930374428,
            "count": 1079
        },
        "Herder_BB_ActionSelection1.Policy.Epsilon.mean": {
            "value": 0.028627532800000015,
            "min": 0.020005529600000002,
            "max": 0.028627532800000015,
            "count": 1079
        },
        "Herder_BB_ActionSelection1.Policy.Epsilon.sum": {
            "value": 0.05725506560000003,
            "min": 0.02011607040000001,
            "max": 0.08583636800000001,
            "count": 1079
        },
        "Herder_BB_ActionSelection1.Policy.Beta.mean": {
            "value": 9.029402560000001e-05,
            "min": 9.029402560000001e-05,
            "max": 9.999377920000002e-05,
            "count": 1079
        },
        "Herder_BB_ActionSelection1.Policy.Beta.sum": {
            "value": 0.00018058805120000002,
            "min": 9.892459719999997e-05,
            "max": 0.0002996630147999999,
            "count": 1079
        },
        "Herder_BB_ActionSelection1.IsTraining.mean": {
            "value": 1.0,
            "min": 1.0,
            "max": 1.0,
            "count": 1079
        },
        "Herder_BB_ActionSelection1.IsTraining.sum": {
            "value": 1.0,
            "min": 1.0,
            "max": 1.0,
            "count": 1079
        },
        "Herder_BB_ActionSelection1.Environment.EpisodeLength.mean": {
            "value": 124.42857142857143,
            "min": 77.125,
            "max": 613.0,
            "count": 995
        },
        "Herder_BB_ActionSelection1.Environment.EpisodeLength.sum": {
            "value": 5226.0,
            "min": 262.0,
            "max": 22066.0,
            "count": 995
        },
        "Herder_BB_ActionSelection1.Environment.CumulativeReward.mean": {
            "value": -0.6875612313548723,
            "min": -65.79791021347046,
            "max": 0.05858032269911333,
            "count": 995
        },
        "Herder_BB_ActionSelection1.Environment.CumulativeReward.sum": {
            "value": -33.002939105033875,
            "min": -1370.837342262268,
            "max": 3.221917748451233,
            "count": 995
        },
        "Herder_BB_ActionSelection1.Policy.ExtrinsicReward.mean": {
            "value": -0.6875612313548723,
            "min": -65.79791021347046,
            "max": 0.05858032269911333,
            "count": 995
        },
        "Herder_BB_ActionSelection1.Policy.ExtrinsicReward.sum": {
            "value": -33.002939105033875,
            "min": -1370.837342262268,
            "max": 3.221917748451233,
            "count": 995
        }
    },
    "metadata": {
        "timer_format_version": "0.1.0",
        "start_time_seconds": "1679489579",
        "python_version": "3.6.8 (default, Nov  8 2022, 11:32:15) \n[GCC 8.5.0 20210514 (Red Hat 8.5.0-15)]",
        "command_line_arguments": "/home/576/gp9465/.local/bin/mlagents-learn /home/576/gp9465/UnityBuilds/TS/Herders_BB.yaml --env=/home/576/gp9465/UnityBuilds/TS/Shepherding_BB.x86_64 --run-id=Shepherding_TS_14 --base-port 5024",
        "mlagents_version": "0.25.0",
        "mlagents_envs_version": "0.25.0",
        "communication_protocol_version": "1.5.0",
        "pytorch_version": "1.7.1",
        "numpy_version": "1.19.5",
        "end_time_seconds": "1679495734"
    },
    "total": 6154.824583010282,
    "count": 1,
    "self": 0.024560352321714163,
    "children": {
        "run_training.setup": {
            "total": 0.2767959828488529,
            "count": 1,
            "self": 0.2767959828488529
        },
        "TrainerController.start_learning": {
            "total": 6154.523226675112,
            "count": 1,
            "self": 5.291603856254369,
            "children": {
                "TrainerController._reset_env": {
                    "total": 6.211625456344336,
                    "count": 1,
                    "self": 6.211625456344336
                },
                "TrainerController.advance": {
                    "total": 6142.86470154766,
                    "count": 156089,
                    "self": 2.296148942783475,
                    "children": {
                        "env_step": {
                            "total": 6140.5685526048765,
                            "count": 156089,
                            "self": 4913.6120952763595,
                            "children": {
                                "SubprocessEnvManager._take_step": {
                                    "total": 1224.8482954255305,
                                    "count": 156089,
                                    "self": 17.073366673197597,
                                    "children": {
                                        "TorchPolicy.evaluate": {
                                            "total": 1207.774928752333,
                                            "count": 150036,
                                            "self": 259.54644016735256,
                                            "children": {
                                                "TorchPolicy.sample_actions": {
                                                    "total": 948.2284885849804,
                                                    "count": 150036,