{
    "name": "root",
    "gauges": {
        "Herder_BB_ActionSelection1.Policy.Entropy.mean": {
            "value": 0.2541869282722473,
            "min": 0.24921643733978271,
            "max": 1.3862334489822388,
            "count": 988
        },
        "Herder_BB_ActionSelection1.Policy.Entropy.sum": {
            "value": 1189.5948486328125,
            "min": 1146.70361328125,
            "max": 9581.6455078125,
            "count": 988
        },
        "Herder_BB_ActionSelection1.Curriculumstep.mean": {
            "value": 11.0,
            "min": 0.0,
            "max": 11.0,
            "count": 853
        },
        "Herder_BB_ActionSelection1.Curriculumstep.sum": {
            "value": 11.0,
            "min": 0.0,
            "max": 11.0,
            "count": 853
        },
        "Herder_BB_ActionSelection1.Policy.ExtrinsicValueEstimate.mean": {
            "value": -0.005435933358967304,
            "min": -0.8362498879432678,
            "max": 0.07080835103988647,
            "count": 988
        },
        "Herder_BB_ActionSelection1.Policy.ExtrinsicValueEstimate.sum": {
            "value": -0.5599011182785034,
            "min": -66.36668395996094,
            "max": 7.788918495178223,
            "count": 988
        },
        "Herder_BB_ActionSelection1.Losses.PolicyLoss.mean": {
            "value": 0.06646549368423282,
            "min": 0.05054123283156918,
            "max": 0.08364207482275864,
            "count": 988
        },
        "Herder_BB_ActionSelection1.Losses.PolicyLoss.sum": {
            "value": 0.13293098736846565,
            "min": 0.05054123283156918,
            "max": 0.24660447662010485,
            "count": 988
        },
        "Herder_BB_ActionSelection1.Losses.ValueLoss.mean": {
            "value": 0.021928845192579663,
            "min": 0.00013895097267609176,
            "max": 0.03755128039564523,
            "count": 988
        },
        "Herder_BB_ActionSelection1.Losses.ValueLoss.sum": {
            "value": 0.043857690385159326,
            "min": 0.0002280366968113446,
            "max": 0.09887969794947947,
            "count": 988
        },
        "Herder_BB_ActionSelection1.Policy.LearningRate.mean": {
            "value": 0.00022531399987440402,
            "min": 0.00022531399987440402,
            "max": 0.00024998272000691205,
            "count": 988
        },
        "Herder_BB_ActionSelection1.Policy.LearningRate.sum": {
            "value": 0.00045062799974880804,
            "min": 0.0002458138616744561,
            "max": 0.000749062560374976,
            "count": 988
        },
        "Herder_BB_ActionSelection1.Policy.Epsilon.mean": {
            "value": 0.027899523200000005,
            "min": 0.020005529600000002,
            "max": 0.027899523200000005,
            "count": 988
        },
        "Herder_BB_ActionSelection1.Policy.Epsilon.sum": {
            "value": 0.05579904640000001,
            "min": 0.020116051200000002,
            "max": 0.08365287680000001,
            "count": 988
        },
        "Herder_BB_ActionSelection1.Policy.Beta.mean": {
            "value": 9.11130364e-05,
            "min": 9.11130364e-05,
            "max": 9.999377920000002e-05,
            "count": 988
        },
        "Herder_BB_ActionSelection1.Policy.Beta.sum": {
            "value": 0.0001822260728,
            "min": 9.849298960000004e-05,
            "max": 0.0002996625215999999,
            "count": 988
        },
        "Herder_BB_ActionSelection1.IsTraining.mean": {
            "value": 1.0,
            "min": 1.0,
            "max": 1.0,
            "count": 988
        },
        "Herder_BB_ActionSelection1.IsTraining.sum": {
            "value": 1.0,
            "min": 1.0,
            "max": 1.0,
            "count": 988
        },
        "Herder_BB_ActionSelection1.Environment.EpisodeLength.mean": {
            "value": 117.45454545454545,
            "min": 16.0,
            "max": 613.0,
            "count": 858
        },
        "Herder_BB_ActionSelection1.Environment.EpisodeLength.sum": {
            "value": 5168.0,
            "min": 32.0,
            "max": 22092.0,
            "count": 858
        },
        "Herder_BB_ActionSelection1.Environment.CumulativeReward.mean": {
            "value": -0.7499157854666313,
            "min": -43.100485649373795,
            "max": 0.18069086879132742,
            "count": 856
        },
        "Herder_BB_ActionSelection1.Environment.CumulativeReward.sum": {
            "value": -35.9959577023983,
            "min": -1551.6174833774567,
            "max": 14.997342109680176,
            "count": 856
        },
        "Herder_BB_ActionSelection1.Policy.ExtrinsicReward.mean": {
            "value": -0.7499157854666313,
            "min": -43.100485649373795,
            "max": 0.18069086879132742,
            "count": 856
        },
        "Herder_BB_ActionSelection1.Policy.ExtrinsicReward.sum": {
            "value": -35.9959577023983,
            "min": -1551.6174833774567,
            "max": 14.997342109680176,
            "count": 856
        }
    },
    "metadata": {
        "timer_format_version": "0.1.0",
        "start_time_seconds": "1679489325",
        "python_version": "3.6.8 (default, Nov  8 2022, 11:32:15) \n[GCC 8.5.0 20210514 (Red Hat 8.5.0-15)]",
        "command_line_arguments": "/home/576/gp9465/.local/bin/mlagents-learn /home/576/gp9465/UnityBuilds/TS/Herders_BB.yaml --env=/home/576/gp9465/UnityBuilds/TS/Shepherding_BB.x86_64 --run-id=Shepherding_TS_13 --base-port 5023",
        "mlagents_version": "0.25.0",
        "mlagents_envs_version": "0.25.0",
        "communication_protocol_version": "1.5.0",
        "pytorch_version": "1.7.1",
        "numpy_version": "1.19.5",
        "end_time_seconds": "1679494993"
    },
    "total": 5668.54363125097,
    "count": 1,
    "self": 0.06874063285067677,
    "children": {
        "run_training.setup": {
            "total": 0.27405504090711474,
            "count": 1,
            "self": 0.27405504090711474
        },
        "TrainerController.start_learning": {
            "total": 5668.200835577212,
            "count": 1,
            "self": 5.2589620989747345,
            "children": {
                "TrainerController._reset_env": {
                    "total": 4.3105809753760695,
                    "count": 1,
                    "self": 4.3105809753760695
                },
                "TrainerController.advance": {
                    "total": 5658.401522167958,
                    "count": 142800,
                    "self": 2.189086410216987,
                    "children": {
                        "env_step": {
                            "total": 5656.212435757741,
                            "count": 142800,
                            "self": 4545.233138193376,
                            "children": {
                                "SubprocessEnvManager._take_step": {
                                    "total": 1108.9487954983488,
                                    "count": 142800,
                                    "self": 15.340488004963845,
                                    "children": {
                                        "TorchPolicy.evaluate": {
                                            "total": 1093.608307493385,
                                            "count": 137274,
                                            "self": 232.76399008370936,
                                            "children": {
                                                "TorchPolicy.sample_actions": {
                                                    "total": 860.8443174096756,
                                                    "count": 137274,