{
    "name": "root",
    "gauges": {
        "Herder_BB_ActionSelection1.Policy.Entropy.mean": {
            "value": 0.25802063941955566,
            "min": 0.22603650391101837,
            "max": 1.3862463235855103,
            "count": 895
        },
        "Herder_BB_ActionSelection1.Policy.Entropy.sum": {
            "value": 1198.247802734375,
            "min": 1020.6529541015625,
            "max": 9581.734375,
            "count": 895
        },
        "Herder_BB_ActionSelection1.Curriculumstep.mean": {
            "value": 11.0,
            "min": 0.0,
            "max": 11.0,
            "count": 811
        },
        "Herder_BB_ActionSelection1.Curriculumstep.sum": {
            "value": 11.0,
            "min": 0.0,
            "max": 11.0,
            "count": 811
        },
        "Herder_BB_ActionSelection1.Policy.ExtrinsicValueEstimate.mean": {
            "value": -0.004465015605092049,
            "min": -0.7645534873008728,
            "max": 0.07129499316215515,
            "count": 895
        },
        "Herder_BB_ActionSelection1.Policy.ExtrinsicValueEstimate.sum": {
            "value": -0.44650155305862427,
            "min": -61.53670883178711,
            "max": 7.91374397277832,
            "count": 895
        },
        "Herder_BB_ActionSelection1.Losses.PolicyLoss.mean": {
            "value": 0.06510180738890388,
            "min": 0.05398399978919231,
            "max": 0.08872221983727757,
            "count": 895
        },
        "Herder_BB_ActionSelection1.Losses.PolicyLoss.sum": {
            "value": 0.13020361477780776,
            "min": 0.05641933145340194,
            "max": 0.2382972830576667,
            "count": 895
        },
        "Herder_BB_ActionSelection1.Losses.ValueLoss.mean": {
            "value": 0.018899224669439718,
            "min": 0.00016746734965838387,
            "max": 0.036557632535092394,
            "count": 895
        },
        "Herder_BB_ActionSelection1.Losses.ValueLoss.sum": {
            "value": 0.037798449338879436,
            "min": 0.00019812790668328052,
            "max": 0.09849489516551221,
            "count": 895
        },
        "Herder_BB_ActionSelection1.Policy.LearningRate.mean": {
            "value": 0.00022763891894443607,
            "min": 0.00022763891894443607,
            "max": 0.00024998272000691205,
            "count": 895
        },
        "Herder_BB_ActionSelection1.Policy.LearningRate.sum": {
            "value": 0.00045527783788887213,
            "min": 0.0002463647914540839,
            "max": 0.0007490635203745921,
            "count": 895
        },
        "Herder_BB_ActionSelection1.Policy.Epsilon.mean": {
            "value": 0.027155548799999995,
            "min": 0.020005529600000002,
            "max": 0.027155548799999995,
            "count": 895
        },
        "Herder_BB_ActionSelection1.Policy.Epsilon.sum": {
            "value": 0.05431109759999999,
            "min": 0.020108048000000003,
            "max": 0.08142072,
            "count": 895
        },
        "Herder_BB_ActionSelection1.Policy.Beta.mean": {
            "value": 9.195000760000001e-05,
            "min": 9.195000760000001e-05,
            "max": 9.999377920000002e-05,
            "count": 895
        },
        "Herder_BB_ActionSelection1.Policy.Beta.sum": {
            "value": 0.00018390001520000003,
            "min": 9.869132439999998e-05,
            "max": 0.00029966286720000003,
            "count": 895
        },
        "Herder_BB_ActionSelection1.IsTraining.mean": {
            "value": 1.0,
            "min": 1.0,
            "max": 1.0,
            "count": 895
        },
        "Herder_BB_ActionSelection1.IsTraining.sum": {
            "value": 1.0,
            "min": 1.0,
            "max": 1.0,
            "count": 895
        },
        "Herder_BB_ActionSelection1.Environment.EpisodeLength.mean": {
            "value": 160.64705882352942,
            "min": 55.39473684210526,
            "max": 613.0,
            "count": 814
        },
        "Herder_BB_ActionSelection1.Environment.EpisodeLength.sum": {
            "value": 5462.0,
            "min": 262.0,
            "max": 20872.0,
            "count": 814
        },
        "Herder_BB_ActionSelection1.Environment.CumulativeReward.mean": {
            "value": -1.2674993017786427,
            "min": -40.15144383907318,
            "max": 0.2653762757042308,
            "count": 818
        },
        "Herder_BB_ActionSelection1.Environment.CumulativeReward.sum": {
            "value": -48.164973467588425,
            "min": -1365.1490905284882,
            "max": 21.495478332042694,
            "count": 818
        },
        "Herder_BB_ActionSelection1.Policy.ExtrinsicReward.mean": {
            "value": -1.2674993017786427,
            "min": -40.15144383907318,
            "max": 0.2653762757042308,
            "count": 818
        },
        "Herder_BB_ActionSelection1.Policy.ExtrinsicReward.sum": {
            "value": -48.164973467588425,
            "min": -1365.1490905284882,
            "max": 21.495478332042694,
            "count": 818
        }
    },
    "metadata": {
        "timer_format_version": "0.1.0",
        "start_time_seconds": "1679484095",
        "python_version": "3.6.8 (default, Nov  8 2022, 11:32:15) \n[GCC 8.5.0 20210514 (Red Hat 8.5.0-15)]",
        "command_line_arguments": "/home/576/gp9465/.local/bin/mlagents-learn /home/576/gp9465/UnityBuilds/TS/Herders_BB.yaml --env=/home/576/gp9465/UnityBuilds/TS/Shepherding_BB.x86_64 --run-id=Shepherding_TS_3 --base-port 5013",
        "mlagents_version": "0.25.0",
        "mlagents_envs_version": "0.25.0",
        "communication_protocol_version": "1.5.0",
        "pytorch_version": "1.7.1",
        "numpy_version": "1.19.5",
        "end_time_seconds": "1679489173"
    },
    "total": 5077.858972120099,
    "count": 1,
    "self": 0.7682141703553498,
    "children": {
        "run_training.setup": {
            "total": 0.22501280810683966,
            "count": 1,
            "self": 0.22501280810683966
        },
        "TrainerController.start_learning": {
            "total": 5076.865745141637,
            "count": 1,
            "self": 3.9351775646209717,
            "children": {
                "TrainerController._reset_env": {
                    "total": 4.076719027943909,
                    "count": 1,
                    "self": 4.076719027943909
                },
                "TrainerController.advance": {
                    "total": 5068.636722231284,
                    "count": 129529,
                    "self": 2.0148015869781375,
                    "children": {
                        "env_step": {
                            "total": 5066.621920644306,
                            "count": 129529,
                            "self": 4065.0811537397094,
                            "children": {
                                "SubprocessEnvManager._take_step": {
                                    "total": 999.6356750004925,
                                    "count": 129529,
                                    "self": 13.754199353512377,
                                    "children": {
                                        "TorchPolicy.evaluate": {
                                            "total": 985.8814756469801,
                                            "count": 124389,
                                            "self": 205.37750559300184,
                                            "children": {
                                                "TorchPolicy.sample_actions": {
                                                    "total": 780.5039700539783,
                                                    "count": 124389,