{
    "name": "root",
    "gauges": {
        "Herder_BB_ActionSelection1.Policy.Entropy.mean": {
            "value": 0.24487142264842987,
            "min": 0.21159562468528748,
            "max": 1.3861982822418213,
            "count": 1062
        },
        "Herder_BB_ActionSelection1.Policy.Entropy.sum": {
            "value": 1163.6290283203125,
            "min": 935.5206298828125,
            "max": 9581.40234375,
            "count": 1062
        },
        "Herder_BB_ActionSelection1.Curriculumstep.mean": {
            "value": 11.0,
            "min": 0.0,
            "max": 11.0,
            "count": 995
        },
        "Herder_BB_ActionSelection1.Curriculumstep.sum": {
            "value": 11.0,
            "min": 0.0,
            "max": 11.0,
            "count": 995
        },
        "Herder_BB_ActionSelection1.Environment.EpisodeLength.mean": {
            "value": 162.23529411764707,
            "min": 13.0,
            "max": 613.0,
            "count": 998
        },
        "Herder_BB_ActionSelection1.Environment.EpisodeLength.sum": {
            "value": 5516.0,
            "min": 26.0,
            "max": 20840.0,
            "count": 998
        },
        "Herder_BB_ActionSelection1.Policy.ExtrinsicValueEstimate.mean": {
            "value": -0.03328883647918701,
            "min": -0.8399760723114014,
            "max": 0.01856102980673313,
            "count": 1062
        },
        "Herder_BB_ActionSelection1.Policy.ExtrinsicValueEstimate.sum": {
            "value": -3.1624395847320557,
            "min": -65.51813507080078,
            "max": 1.9674690961837769,
            "count": 1062
        },
        "Herder_BB_ActionSelection1.Environment.CumulativeReward.mean": {
            "value": -1.0269996068056892,
            "min": -42.62707517427557,
            "max": 0.8592979907989502,
            "count": 996
        },
        "Herder_BB_ActionSelection1.Environment.CumulativeReward.sum": {
            "value": -34.91798663139343,
            "min": -1449.3205559253693,
            "max": 1.7185959815979004,
            "count": 996
        },
        "Herder_BB_ActionSelection1.Policy.ExtrinsicReward.mean": {
            "value": -1.0269996068056892,
            "min": -42.62707517427557,
            "max": 0.8592979907989502,
            "count": 996
        },
        "Herder_BB_ActionSelection1.Policy.ExtrinsicReward.sum": {
            "value": -34.91798663139343,
            "min": -1449.3205559253693,
            "max": 1.7185959815979004,
            "count": 996
        },
        "Herder_BB_ActionSelection1.Losses.PolicyLoss.mean": {
            "value": 0.06981988794480762,
            "min": 0.05294977913881131,
            "max": 0.08660610198664168,
            "count": 1062
        },
        "Herder_BB_ActionSelection1.Losses.PolicyLoss.sum": {
            "value": 0.13963977588961524,
            "min": 0.06292125943582505,
            "max": 0.23461693257666882,
            "count": 1062
        },
        "Herder_BB_ActionSelection1.Losses.ValueLoss.mean": {
            "value": 0.017416519151690107,
            "min": 0.00020536763797820268,
            "max": 0.040786368791409615,
            "count": 1062
        },
        "Herder_BB_ActionSelection1.Losses.ValueLoss.sum": {
            "value": 0.034833038303380214,
            "min": 0.0003228742095719402,
            "max": 0.1004210021928884,
            "count": 1062
        },
        "Herder_BB_ActionSelection1.Policy.LearningRate.mean": {
            "value": 0.00022346402561439406,
            "min": 0.00022346402561439406,
            "max": 0.000249983220006712,
            "count": 1062
        },
        "Herder_BB_ActionSelection1.Policy.LearningRate.sum": {
            "value": 0.0004469280512287881,
            "min": 0.00024645932141627205,
            "max": 0.00074906385037446,
            "count": 1062
        },
        "Herder_BB_ActionSelection1.Policy.Epsilon.mean": {
            "value": 0.028491515200000005,
            "min": 0.020005369599999996,
            "max": 0.028491515200000005,
            "count": 1062
        },
        "Herder_BB_ActionSelection1.Policy.Epsilon.sum": {
            "value": 0.05698303040000001,
            "min": 0.020108016000000006,
            "max": 0.08542846720000001,
            "count": 1062
        },
        "Herder_BB_ActionSelection1.Policy.Beta.mean": {
            "value": 9.044704540000001e-05,
            "min": 9.044704540000001e-05,
            "max": 9.999395920000003e-05,
            "count": 1062
        },
        "Herder_BB_ActionSelection1.Policy.Beta.sum": {
            "value": 0.00018089409080000003,
            "min": 9.872535519999997e-05,
            "max": 0.000299662986,
            "count": 1062
        },
        "Herder_BB_ActionSelection1.IsTraining.mean": {
            "value": 1.0,
            "min": 1.0,
            "max": 1.0,
            "count": 1062
        },
        "Herder_BB_ActionSelection1.IsTraining.sum": {
            "value": 1.0,
            "min": 1.0,
            "max": 1.0,
            "count": 1062
        }
    },
    "metadata": {
        "timer_format_version": "0.1.0",
        "start_time_seconds": "1679484096",
        "python_version": "3.6.8 (default, Nov  8 2022, 11:32:15) \n[GCC 8.5.0 20210514 (Red Hat 8.5.0-15)]",
        "command_line_arguments": "/home/576/gp9465/.local/bin/mlagents-learn /home/576/gp9465/UnityBuilds/TS/Herders_BB.yaml --env=/home/576/gp9465/UnityBuilds/TS/Shepherding_BB.x86_64 --run-id=Shepherding_TS_5 --base-port 5015",
        "mlagents_version": "0.25.0",
        "mlagents_envs_version": "0.25.0",
        "communication_protocol_version": "1.5.0",
        "pytorch_version": "1.7.1",
        "numpy_version": "1.19.5",
        "end_time_seconds": "1679490129"
    },
    "total": 6032.727724963799,
    "count": 1,
    "self": 0.6559280790388584,
    "children": {
        "run_training.setup": {
            "total": 0.22907230583950877,
            "count": 1,
            "self": 0.22907230583950877
        },
        "TrainerController.start_learning": {
            "total": 6031.842724578921,
            "count": 1,
            "self": 4.7912407903932035,
            "children": {
                "TrainerController._reset_env": {
                    "total": 2.9226437620818615,
                    "count": 1,
                    "self": 2.9226437620818615
                },
                "TrainerController.advance": {
                    "total": 6023.90710694436,
                    "count": 153572,
                    "self": 2.377719800453633,
                    "children": {
                        "env_step": {
                            "total": 6021.529387143906,
                            "count": 153572,
                            "self": 4824.350845159031,
                            "children": {
                                "SubprocessEnvManager._take_step": {
                                    "total": 1194.974587666802,
                                    "count": 153572,
                                    "self": 17.398394025862217,
                                    "children": {
                                        "TorchPolicy.evaluate": {
                                            "total": 1177.57619364094,
                                            "count": 147596,
                                            "self": 247.42621222045273,
                                            "children": {
                                                "TorchPolicy.sample_actions": {
                                                    "total": 930.1499814204872,
                                                    "count": 147596,