{
    "name": "root",
    "gauges": {
        "Herder_BB_ActionSelection1.Policy.Entropy.mean": {
            "value": 0.30934685468673706,
            "min": 0.2352372109889984,
            "max": 1.3862295150756836,
            "count": 1174
        },
        "Herder_BB_ActionSelection1.Policy.Entropy.sum": {
            "value": 1470.0162353515625,
            "min": 1080.09423828125,
            "max": 9581.6181640625,
            "count": 1174
        },
        "Herder_BB_ActionSelection1.Curriculumstep.mean": {
            "value": 11.0,
            "min": 0.0,
            "max": 11.0,
            "count": 1093
        },
        "Herder_BB_ActionSelection1.Curriculumstep.sum": {
            "value": 11.0,
            "min": 0.0,
            "max": 11.0,
            "count": 1093
        },
        "Herder_BB_ActionSelection1.Policy.ExtrinsicValueEstimate.mean": {
            "value": -0.026367316022515297,
            "min": -0.697819173336029,
            "max": 0.058360327035188675,
            "count": 1174
        },
        "Herder_BB_ActionSelection1.Policy.ExtrinsicValueEstimate.sum": {
            "value": -2.5312623977661133,
            "min": -61.236419677734375,
            "max": 5.95275354385376,
            "count": 1174
        },
        "Herder_BB_ActionSelection1.Losses.PolicyLoss.mean": {
            "value": 0.06414418800519414,
            "min": 0.054078342810195565,
            "max": 0.0859776159184049,
            "count": 1174
        },
        "Herder_BB_ActionSelection1.Losses.PolicyLoss.sum": {
            "value": 0.12828837601038828,
            "min": 0.0654794439604437,
            "max": 0.24605716114941367,
            "count": 1174
        },
        "Herder_BB_ActionSelection1.Losses.ValueLoss.mean": {
            "value": 0.018226714531420822,
            "min": 0.0001836083907552098,
            "max": 0.03867325010812945,
            "count": 1174
        },
        "Herder_BB_ActionSelection1.Losses.ValueLoss.sum": {
            "value": 0.036453429062841644,
            "min": 0.00018588039556225003,
            "max": 0.09762499819044025,
            "count": 1174
        },
        "Herder_BB_ActionSelection1.Policy.LearningRate.mean": {
            "value": 0.00022066083673567003,
            "min": 0.00022066083673567003,
            "max": 0.00024998272000691205,
            "count": 1174
        },
        "Herder_BB_ActionSelection1.Policy.LearningRate.sum": {
            "value": 0.00044132167347134005,
            "min": 0.000246460241415904,
            "max": 0.00074906370037452,
            "count": 1174
        },
        "Herder_BB_ActionSelection1.Policy.Epsilon.mean": {
            "value": 0.029388536000000007,
            "min": 0.020005529600000002,
            "max": 0.029388536000000007,
            "count": 1174
        },
        "Herder_BB_ActionSelection1.Policy.Epsilon.sum": {
            "value": 0.058777072000000014,
            "min": 0.02010802879999999,
            "max": 0.0881391296,
            "count": 1174
        },
        "Herder_BB_ActionSelection1.Policy.Beta.mean": {
            "value": 8.943789700000001e-05,
            "min": 8.943789700000001e-05,
            "max": 9.999377920000002e-05,
            "count": 1174
        },
        "Herder_BB_ActionSelection1.Policy.Beta.sum": {
            "value": 0.00017887579400000002,
            "min": 9.87256864e-05,
            "max": 0.000299662932,
            "count": 1174
        },
        "Herder_BB_ActionSelection1.IsTraining.mean": {
            "value": 1.0,
            "min": 1.0,
            "max": 1.0,
            "count": 1174
        },
        "Herder_BB_ActionSelection1.IsTraining.sum": {
            "value": 1.0,
            "min": 1.0,
            "max": 1.0,
            "count": 1174
        },
        "Herder_BB_ActionSelection1.Environment.EpisodeLength.mean": {
            "value": 140.13333333333333,
            "min": 61.05555555555556,
            "max": 613.0,
            "count": 1097
        },
        "Herder_BB_ActionSelection1.Environment.EpisodeLength.sum": {
            "value": 4204.0,
            "min": 124.0,
            "max": 20872.0,
            "count": 1097
        },
        "Herder_BB_ActionSelection1.Environment.CumulativeReward.mean": {
            "value": -0.9389773787874164,
            "min": -39.0669046570273,
            "max": 0.13889902600875267,
            "count": 1096
        },
        "Herder_BB_ActionSelection1.Environment.CumulativeReward.sum": {
            "value": -30.98625349998474,
            "min": -1328.2747583389282,
            "max": 10.834124028682709,
            "count": 1096
        },
        "Herder_BB_ActionSelection1.Policy.ExtrinsicReward.mean": {
            "value": -0.9389773787874164,
            "min": -39.0669046570273,
            "max": 0.13889902600875267,
            "count": 1096
        },
        "Herder_BB_ActionSelection1.Policy.ExtrinsicReward.sum": {
            "value": -30.98625349998474,
            "min": -1328.2747583389282,
            "max": 10.834124028682709,
            "count": 1096
        }
    },
    "metadata": {
        "timer_format_version": "0.1.0",
        "start_time_seconds": "1679484093",
        "python_version": "3.6.8 (default, Nov  8 2022, 11:32:15) \n[GCC 8.5.0 20210514 (Red Hat 8.5.0-15)]",
        "command_line_arguments": "/home/576/gp9465/.local/bin/mlagents-learn /home/576/gp9465/UnityBuilds/TS/Herders_BB.yaml --env=/home/576/gp9465/UnityBuilds/TS/Shepherding_BB.x86_64 --run-id=Shepherding_TS_9 --base-port 5019",
        "mlagents_version": "0.25.0",
        "mlagents_envs_version": "0.25.0",
        "communication_protocol_version": "1.5.0",
        "pytorch_version": "1.7.1",
        "numpy_version": "1.19.5",
        "end_time_seconds": "1679490699"
    },
    "total": 6606.139952292666,
    "count": 1,
    "self": 0.6584667060524225,
    "children": {
        "run_training.setup": {
            "total": 0.25479528680443764,
            "count": 1,
            "self": 0.25479528680443764
        },
        "TrainerController.start_learning": {
            "total": 6605.226690299809,
            "count": 1,
            "self": 5.019767497200519,
            "children": {
                "TrainerController._reset_env": {
                    "total": 10.352260288316756,
                    "count": 1,
                    "self": 10.352260288316756
                },
                "TrainerController.advance": {
                    "total": 6589.616286995355,
                    "count": 169673,
                    "self": 2.4703123248182237,
                    "children": {
                        "env_step": {
                            "total": 6587.145974670537,
                            "count": 169673,
                            "self": 5285.920400845353,
                            "children": {
                                "SubprocessEnvManager._take_step": {
                                    "total": 1298.9485034421086,
                                    "count": 169673,
                                    "self": 18.35107136843726,
                                    "children": {
                                        "TorchPolicy.evaluate": {
                                            "total": 1280.5974320736714,
                                            "count": 163106,
                                            "self": 274.8272141767666,
                                            "children": {
                                                "TorchPolicy.sample_actions": {
                                                    "total": 1005.7702178969048,
                                                    "count": 163106,