{
    "name": "root",
    "gauges": {
        "Herder_BB_ActionSelection1.Policy.Entropy.mean": {
            "value": 0.2543197572231293,
            "min": 0.2358120083808899,
            "max": 1.3862428665161133,
            "count": 860
        },
        "Herder_BB_ActionSelection1.Policy.Entropy.sum": {
            "value": 1474.037353515625,
            "min": 1053.7137451171875,
            "max": 9581.7109375,
            "count": 860
        },
        "Herder_BB_ActionSelection1.Curriculumstep.mean": {
            "value": 11.0,
            "min": 0.0,
            "max": 11.0,
            "count": 768
        },
        "Herder_BB_ActionSelection1.Curriculumstep.sum": {
            "value": 11.0,
            "min": 0.0,
            "max": 11.0,
            "count": 768
        },
        "Herder_BB_ActionSelection1.Policy.ExtrinsicValueEstimate.mean": {
            "value": -0.029991403222084045,
            "min": -0.7148508429527283,
            "max": 0.04467045143246651,
            "count": 860
        },
        "Herder_BB_ActionSelection1.Policy.ExtrinsicValueEstimate.sum": {
            "value": -2.8791747093200684,
            "min": -59.9415397644043,
            "max": 4.779738426208496,
            "count": 860
        },
        "Herder_BB_ActionSelection1.Losses.PolicyLoss.mean": {
            "value": 0.06448577574356855,
            "min": 0.05436170693428721,
            "max": 0.0822088467385209,
            "count": 860
        },
        "Herder_BB_ActionSelection1.Losses.PolicyLoss.sum": {
            "value": 0.19345732723070566,
            "min": 0.059452483162396784,
            "max": 0.2355570757354144,
            "count": 860
        },
        "Herder_BB_ActionSelection1.Losses.ValueLoss.mean": {
            "value": 0.021171622552750693,
            "min": 0.0001242919075863298,
            "max": 0.03320890344912186,
            "count": 860
        },
        "Herder_BB_ActionSelection1.Losses.ValueLoss.sum": {
            "value": 0.06351486765825208,
            "min": 0.0001242919075863298,
            "max": 0.09848092082093525,
            "count": 860
        },
        "Herder_BB_ActionSelection1.Policy.LearningRate.mean": {
            "value": 0.00022851115192887606,
            "min": 0.00022851115192887606,
            "max": 0.00024998272000691205,
            "count": 860
        },
        "Herder_BB_ActionSelection1.Policy.LearningRate.sum": {
            "value": 0.0006855334557866282,
            "min": 0.000245687481725008,
            "max": 0.000749062530374988,
            "count": 860
        },
        "Herder_BB_ActionSelection1.Policy.Epsilon.mean": {
            "value": 0.026876434133333335,
            "min": 0.020005529600000002,
            "max": 0.026876434133333335,
            "count": 860
        },
        "Herder_BB_ActionSelection1.Policy.Epsilon.sum": {
            "value": 0.0806293024,
            "min": 0.020107948799999997,
            "max": 0.0806293024,
            "count": 860
        },
        "Herder_BB_ActionSelection1.Policy.Beta.mean": {
            "value": 9.22640116e-05,
            "min": 9.22640116e-05,
            "max": 9.999377920000002e-05,
            "count": 860
        },
        "Herder_BB_ActionSelection1.Policy.Beta.sum": {
            "value": 0.0002767920348,
            "min": 9.844749280000003e-05,
            "max": 0.0002996625108000001,
            "count": 860
        },
        "Herder_BB_ActionSelection1.IsTraining.mean": {
            "value": 1.0,
            "min": 1.0,
            "max": 1.0,
            "count": 860
        },
        "Herder_BB_ActionSelection1.IsTraining.sum": {
            "value": 1.0,
            "min": 1.0,
            "max": 1.0,
            "count": 860
        },
        "Herder_BB_ActionSelection1.Environment.EpisodeLength.mean": {
            "value": 164.3658536585366,
            "min": 74.45714285714286,
            "max": 613.0,
            "count": 773
        },
        "Herder_BB_ActionSelection1.Environment.EpisodeLength.sum": {
            "value": 6739.0,
            "min": 344.0,
            "max": 20878.0,
            "count": 773
        },
        "Herder_BB_ActionSelection1.Environment.CumulativeReward.mean": {
            "value": -1.174369252089298,
            "min": -40.002152169451996,
            "max": 0.13522136211395264,
            "count": 775
        },
        "Herder_BB_ActionSelection1.Environment.CumulativeReward.sum": {
            "value": -38.75418531894684,
            "min": -1360.0731737613678,
            "max": 2.6576435565948486,
            "count": 775
        },
        "Herder_BB_ActionSelection1.Policy.ExtrinsicReward.mean": {
            "value": -1.174369252089298,
            "min": -40.002152169451996,
            "max": 0.13522136211395264,
            "count": 775
        },
        "Herder_BB_ActionSelection1.Policy.ExtrinsicReward.sum": {
            "value": -38.75418531894684,
            "min": -1360.0731737613678,
            "max": 2.6576435565948486,
            "count": 775
        }
    },
    "metadata": {
        "timer_format_version": "0.1.0",
        "start_time_seconds": "1679484095",
        "python_version": "3.6.8 (default, Nov  8 2022, 11:32:15) \n[GCC 8.5.0 20210514 (Red Hat 8.5.0-15)]",
        "command_line_arguments": "/home/576/gp9465/.local/bin/mlagents-learn /home/576/gp9465/UnityBuilds/TS/Herders_BB.yaml --env=/home/576/gp9465/UnityBuilds/TS/Shepherding_BB.x86_64 --run-id=Shepherding_TS_2 --base-port 5012",
        "mlagents_version": "0.25.0",
        "mlagents_envs_version": "0.25.0",
        "communication_protocol_version": "1.5.0",
        "pytorch_version": "1.7.1",
        "numpy_version": "1.19.5",
        "end_time_seconds": "1679489004"
    },
    "total": 4908.616183783393,
    "count": 1,
    "self": 0.5480231307446957,
    "children": {
        "run_training.setup": {
            "total": 0.222603399772197,
            "count": 1,
            "self": 0.222603399772197
        },
        "TrainerController.start_learning": {
            "total": 4907.8455572528765,
            "count": 1,
            "self": 3.873020514845848,
            "children": {
                "TrainerController._reset_env": {
                    "total": 4.083674570079893,
                    "count": 1,
                    "self": 4.083674570079893
                },
                "TrainerController.advance": {
                    "total": 4899.724995493889,
                    "count": 124426,
                    "self": 1.9742838414385915,
                    "children": {
                        "env_step": {
                            "total": 4897.75071165245,
                            "count": 124426,
                            "self": 3927.3972699977458,
                            "children": {
                                "SubprocessEnvManager._take_step": {
                                    "total": 968.5559510942549,
                                    "count": 124426,
                                    "self": 14.440747153479606,
                                    "children": {
                                        "TorchPolicy.evaluate": {
                                            "total": 954.1152039407752,
                                            "count": 119579,
                                            "self": 203.3721914193593,
                                            "children": {
                                                "TorchPolicy.sample_actions": {
                                                    "total": 750.743012521416,
                                                    "count": 119579,