{
    "name": "root",
    "gauges": {
        "Herder_BB_ActionSelection1.Policy.Entropy.mean": {
            "value": 0.2537432014942169,
            "min": 0.21714000403881073,
            "max": 1.3862370252609253,
            "count": 1015
        },
        "Herder_BB_ActionSelection1.Policy.Entropy.sum": {
            "value": 1315.40478515625,
            "min": 980.8336181640625,
            "max": 9581.669921875,
            "count": 1015
        },
        "Herder_BB_ActionSelection1.Curriculumstep.mean": {
            "value": 11.0,
            "min": 0.0,
            "max": 11.0,
            "count": 930
        },
        "Herder_BB_ActionSelection1.Curriculumstep.sum": {
            "value": 11.0,
            "min": 0.0,
            "max": 11.0,
            "count": 930
        },
        "Herder_BB_ActionSelection1.Policy.ExtrinsicValueEstimate.mean": {
            "value": 0.0013688215985894203,
            "min": -0.791856586933136,
            "max": 0.07112198323011398,
            "count": 1015
        },
        "Herder_BB_ActionSelection1.Policy.ExtrinsicValueEstimate.sum": {
            "value": 0.13961979746818542,
            "min": -61.76481246948242,
            "max": 7.325563907623291,
            "count": 1015
        },
        "Herder_BB_ActionSelection1.Losses.PolicyLoss.mean": {
            "value": 0.05954755648228995,
            "min": 0.054378618577579294,
            "max": 0.08695956702965002,
            "count": 1015
        },
        "Herder_BB_ActionSelection1.Losses.PolicyLoss.sum": {
            "value": 0.1190951129645799,
            "min": 0.06172978550333668,
            "max": 0.23699194160548762,
            "count": 1015
        },
        "Herder_BB_ActionSelection1.Losses.ValueLoss.mean": {
            "value": 0.02163217542854707,
            "min": 0.00016358708314698933,
            "max": 0.03236893570968224,
            "count": 1015
        },
        "Herder_BB_ActionSelection1.Losses.ValueLoss.sum": {
            "value": 0.04326435085709414,
            "min": 0.0002085671310649357,
            "max": 0.09556783673663935,
            "count": 1015
        },
        "Herder_BB_ActionSelection1.Policy.LearningRate.mean": {
            "value": 0.00022463651014540003,
            "min": 0.00022463651014540003,
            "max": 0.00024998272000691205,
            "count": 1015
        },
        "Herder_BB_ActionSelection1.Policy.LearningRate.sum": {
            "value": 0.00044927302029080005,
            "min": 0.00024636617145353196,
            "max": 0.000749064840374064,
            "count": 1015
        },
        "Herder_BB_ActionSelection1.Policy.Epsilon.mean": {
            "value": 0.028116320000000007,
            "min": 0.020005529600000002,
            "max": 0.028116320000000007,
            "count": 1015
        },
        "Herder_BB_ActionSelection1.Policy.Epsilon.sum": {
            "value": 0.056232640000000014,
            "min": 0.020108111999999997,
            "max": 0.08432257920000001,
            "count": 1015
        },
        "Herder_BB_ActionSelection1.Policy.Beta.mean": {
            "value": 9.086914e-05,
            "min": 9.086914e-05,
            "max": 9.999377920000002e-05,
            "count": 1015
        },
        "Herder_BB_ActionSelection1.Policy.Beta.sum": {
            "value": 0.00018173828,
            "min": 9.86918212e-05,
            "max": 0.00029966334240000004,
            "count": 1015
        },
        "Herder_BB_ActionSelection1.IsTraining.mean": {
            "value": 1.0,
            "min": 1.0,
            "max": 1.0,
            "count": 1015
        },
        "Herder_BB_ActionSelection1.IsTraining.sum": {
            "value": 1.0,
            "min": 1.0,
            "max": 1.0,
            "count": 1015
        },
        "Herder_BB_ActionSelection1.Environment.EpisodeLength.mean": {
            "value": 112.95238095238095,
            "min": 62.80555555555556,
            "max": 613.0,
            "count": 933
        },
        "Herder_BB_ActionSelection1.Environment.EpisodeLength.sum": {
            "value": 4744.0,
            "min": 228.0,
            "max": 20868.0,
            "count": 933
        },
        "Herder_BB_ActionSelection1.Environment.CumulativeReward.mean": {
            "value": -0.7675165249542757,
            "min": -40.46215630278868,
            "max": 0.11044646761356255,
            "count": 930
        },
        "Herder_BB_ActionSelection1.Environment.CumulativeReward.sum": {
            "value": -33.77072709798813,
            "min": -1375.713314294815,
            "max": 8.61482447385788,
            "count": 930
        },
        "Herder_BB_ActionSelection1.Policy.ExtrinsicReward.mean": {
            "value": -0.7675165249542757,
            "min": -40.46215630278868,
            "max": 0.11044646761356255,
            "count": 930
        },
        "Herder_BB_ActionSelection1.Policy.ExtrinsicReward.sum": {
            "value": -33.77072709798813,
            "min": -1375.713314294815,
            "max": 8.61482447385788,
            "count": 930
        }
    },
    "metadata": {
        "timer_format_version": "0.1.0",
        "start_time_seconds": "1679490651",
        "python_version": "3.6.8 (default, Nov  8 2022, 11:32:15) \n[GCC 8.5.0 20210514 (Red Hat 8.5.0-15)]",
        "command_line_arguments": "/home/576/gp9465/.local/bin/mlagents-learn /home/576/gp9465/UnityBuilds/TS/Herders_BB.yaml --env=/home/576/gp9465/UnityBuilds/TS/Shepherding_BB.x86_64 --run-id=Shepherding_TS_20 --base-port 5030",
        "mlagents_version": "0.25.0",
        "mlagents_envs_version": "0.25.0",
        "communication_protocol_version": "1.5.0",
        "pytorch_version": "1.7.1",
        "numpy_version": "1.19.5",
        "end_time_seconds": "1679496519"
    },
    "total": 5867.189362545032,
    "count": 1,
    "self": 0.7041846169158816,
    "children": {
        "run_training.setup": {
            "total": 0.5812271982431412,
            "count": 1,
            "self": 0.5812271982431412
        },
        "TrainerController.start_learning": {
            "total": 5865.903950729873,
            "count": 1,
            "self": 4.371918549761176,
            "children": {
                "TrainerController._reset_env": {
                    "total": 13.939120930153877,
                    "count": 1,
                    "self": 13.939120930153877
                },
                "TrainerController.advance": {
                    "total": 5847.380278863944,
                    "count": 146782,
                    "self": 2.244649169500917,
                    "children": {
                        "env_step": {
                            "total": 5845.135629694443,
                            "count": 146782,
                            "self": 4695.353347530123,
                            "children": {
                                "SubprocessEnvManager._take_step": {
                                    "total": 1147.7794294958003,
                                    "count": 146782,
                                    "self": 16.056335329078138,
                                    "children": {
                                        "TorchPolicy.evaluate": {
                                            "total": 1131.7230941667221,
                                            "count": 141087,
                                            "self": 242.55058093648404,
                                            "children": {
                                                "TorchPolicy.sample_actions": {
                                                    "total": 889.1725132302381,
                                                    "count": 141087,