{
    "name": "root",
    "gauges": {
        "Herder_BB_ActionSelection1.Policy.Entropy.mean": {
            "value": 0.2557741105556488,
            "min": 0.23379641771316528,
            "max": 1.3862602710723877,
            "count": 1000
        },
        "Herder_BB_ActionSelection1.Policy.Entropy.sum": {
            "value": 1150.9835205078125,
            "min": 963.9078369140625,
            "max": 9581.8310546875,
            "count": 1000
        },
        "Herder_BB_ActionSelection1.Curriculumstep.mean": {
            "value": 11.0,
            "min": 0.0,
            "max": 11.0,
            "count": 919
        },
        "Herder_BB_ActionSelection1.Curriculumstep.sum": {
            "value": 11.0,
            "min": 0.0,
            "max": 11.0,
            "count": 919
        },
        "Herder_BB_ActionSelection1.Policy.ExtrinsicValueEstimate.mean": {
            "value": 0.015407112427055836,
            "min": -0.725538969039917,
            "max": 0.050000499933958054,
            "count": 1000
        },
        "Herder_BB_ActionSelection1.Policy.ExtrinsicValueEstimate.sum": {
            "value": 1.5407112836837769,
            "min": -60.04206848144531,
            "max": 5.400053977966309,
            "count": 1000
        },
        "Herder_BB_ActionSelection1.Environment.EpisodeLength.mean": {
            "value": 126.5,
            "min": 59.0,
            "max": 613.0,
            "count": 924
        },
        "Herder_BB_ActionSelection1.Environment.EpisodeLength.sum": {
            "value": 4554.0,
            "min": 216.0,
            "max": 20840.0,
            "count": 924
        },
        "Herder_BB_ActionSelection1.Losses.PolicyLoss.mean": {
            "value": 0.06066377312127574,
            "min": 0.05313421548321368,
            "max": 0.08819566984425811,
            "count": 1000
        },
        "Herder_BB_ActionSelection1.Losses.PolicyLoss.sum": {
            "value": 0.12132754624255147,
            "min": 0.05935034644789994,
            "max": 0.24631924399485192,
            "count": 1000
        },
        "Herder_BB_ActionSelection1.Losses.ValueLoss.mean": {
            "value": 0.01636284024953413,
            "min": 0.0001854575754246948,
            "max": 0.03467769067113598,
            "count": 1000
        },
        "Herder_BB_ActionSelection1.Losses.ValueLoss.sum": {
            "value": 0.03272568049906826,
            "min": 0.0003261199463546897,
            "max": 0.09701582925923755,
            "count": 1000
        },
        "Herder_BB_ActionSelection1.Policy.LearningRate.mean": {
            "value": 0.00022501478999408802,
            "min": 0.00022501478999408802,
            "max": 0.0002499828150068741,
            "count": 1000
        },
        "Herder_BB_ActionSelection1.Policy.LearningRate.sum": {
            "value": 0.00045002957998817604,
            "min": 0.000245687481725008,
            "max": 0.000749063820374472,
            "count": 1000
        },
        "Herder_BB_ActionSelection1.Policy.Epsilon.mean": {
            "value": 0.027995270399999994,
            "min": 0.020005499199999992,
            "max": 0.027995270399999994,
            "count": 1000
        },
        "Herder_BB_ActionSelection1.Policy.Epsilon.sum": {
            "value": 0.05599054079999999,
            "min": 0.020116003200000013,
            "max": 0.08393941440000001,
            "count": 1000
        },
        "Herder_BB_ActionSelection1.Policy.Beta.mean": {
            "value": 9.10053208e-05,
            "min": 9.10053208e-05,
            "max": 9.999381340000001e-05,
            "count": 1000
        },
        "Herder_BB_ActionSelection1.Policy.Beta.sum": {
            "value": 0.0001820106416,
            "min": 9.844749280000001e-05,
            "max": 0.0002996629752000001,
            "count": 1000
        },
        "Herder_BB_ActionSelection1.Environment.CumulativeReward.mean": {
            "value": -0.943952245844735,
            "min": -38.64947256621193,
            "max": 0.06974325546851524,
            "count": 931
        },
        "Herder_BB_ActionSelection1.Environment.CumulativeReward.sum": {
            "value": -33.98228085041046,
            "min": -1314.0820672512054,
            "max": 4.533311605453491,
            "count": 931
        },
        "Herder_BB_ActionSelection1.Policy.ExtrinsicReward.mean": {
            "value": -0.943952245844735,
            "min": -38.64947256621193,
            "max": 0.06974325546851524,
            "count": 931
        },
        "Herder_BB_ActionSelection1.Policy.ExtrinsicReward.sum": {
            "value": -33.98228085041046,
            "min": -1314.0820672512054,
            "max": 4.533311605453491,
            "count": 931
        },
        "Herder_BB_ActionSelection1.IsTraining.mean": {
            "value": 1.0,
            "min": 1.0,
            "max": 1.0,
            "count": 1000
        },
        "Herder_BB_ActionSelection1.IsTraining.sum": {
            "value": 1.0,
            "min": 1.0,
            "max": 1.0,
            "count": 1000
        }
    },
    "metadata": {
        "timer_format_version": "0.1.0",
        "start_time_seconds": "1679484093",
        "python_version": "3.6.8 (default, Nov  8 2022, 11:32:15) \n[GCC 8.5.0 20210514 (Red Hat 8.5.0-15)]",
        "command_line_arguments": "/home/576/gp9465/.local/bin/mlagents-learn /home/576/gp9465/UnityBuilds/TS/Herders_BB.yaml --env=/home/576/gp9465/UnityBuilds/TS/Shepherding_BB.x86_64 --run-id=Shepherding_TS_8 --base-port 5018",
        "mlagents_version": "0.25.0",
        "mlagents_envs_version": "0.25.0",
        "communication_protocol_version": "1.5.0",
        "pytorch_version": "1.7.1",
        "numpy_version": "1.19.5",
        "end_time_seconds": "1679489841"
    },
    "total": 5748.412466091104,
    "count": 1,
    "self": 0.48973849788308144,
    "children": {
        "run_training.setup": {
            "total": 0.21590876206755638,
            "count": 1,
            "self": 0.21590876206755638
        },
        "TrainerController.start_learning": {
            "total": 5747.706818831153,
            "count": 1,
            "self": 4.857423793524504,
            "children": {
                "TrainerController._reset_env": {
                    "total": 10.391573956701905,
                    "count": 1,
                    "self": 10.391573956701905
                },
                "TrainerController.advance": {
                    "total": 5732.288216404151,
                    "count": 144587,
                    "self": 2.1046487102285028,
                    "children": {
                        "env_step": {
                            "total": 5730.183567693923,
                            "count": 144587,
                            "self": 4614.13089344278,
                            "children": {
                                "SubprocessEnvManager._take_step": {
                                    "total": 1114.0647051283158,
                                    "count": 144587,
                                    "self": 16.05021293181926,
                                    "children": {
                                        "TorchPolicy.evaluate": {
                                            "total": 1098.0144921964966,
                                            "count": 138944,
                                            "self": 230.5232325559482,
                                            "children": {
                                                "TorchPolicy.sample_actions": {
                                                    "total": 867.4912596405484,
                                                    "count": 138944,