{
    "name": "root",
    "gauges": {
        "Herder_BB_ActionSelection1.Policy.Entropy.mean": {
            "value": 0.27578815817832947,
            "min": 0.2439604550600052,
            "max": 1.3862459659576416,
            "count": 969
        },
        "Herder_BB_ActionSelection1.Policy.Entropy.sum": {
            "value": 1221.18994140625,
            "min": 1092.9212646484375,
            "max": 9581.732421875,
            "count": 969
        },
        "Herder_BB_ActionSelection1.Curriculumstep.mean": {
            "value": 11.0,
            "min": 0.0,
            "max": 11.0,
            "count": 838
        },
        "Herder_BB_ActionSelection1.Curriculumstep.sum": {
            "value": 11.0,
            "min": 0.0,
            "max": 11.0,
            "count": 838
        },
        "Herder_BB_ActionSelection1.Policy.ExtrinsicValueEstimate.mean": {
            "value": -0.02818630076944828,
            "min": -0.9196488857269287,
            "max": 0.03507041558623314,
            "count": 969
        },
        "Herder_BB_ActionSelection1.Policy.ExtrinsicValueEstimate.sum": {
            "value": -2.7340712547302246,
            "min": -71.73261260986328,
            "max": 3.682393789291382,
            "count": 969
        },
        "Herder_BB_ActionSelection1.Losses.PolicyLoss.mean": {
            "value": 0.07180074953551714,
            "min": 0.051642243098467586,
            "max": 0.08827233316023247,
            "count": 969
        },
        "Herder_BB_ActionSelection1.Losses.PolicyLoss.sum": {
            "value": 0.14360149907103428,
            "min": 0.051642243098467586,
            "max": 0.2439722507614551,
            "count": 969
        },
        "Herder_BB_ActionSelection1.Losses.ValueLoss.mean": {
            "value": 0.017062007488372423,
            "min": 0.00017935285904614046,
            "max": 0.03535818139789626,
            "count": 969
        },
        "Herder_BB_ActionSelection1.Losses.ValueLoss.sum": {
            "value": 0.034124014976744846,
            "min": 0.00026838725763674893,
            "max": 0.10425582773879999,
            "count": 969
        },
        "Herder_BB_ActionSelection1.Policy.LearningRate.mean": {
            "value": 0.00022578554968578403,
            "min": 0.00022578554968578403,
            "max": 0.00024998272000691205,
            "count": 969
        },
        "Herder_BB_ActionSelection1.Policy.LearningRate.sum": {
            "value": 0.00045157109937156805,
            "min": 0.000245813971674412,
            "max": 0.000749062560374976,
            "count": 969
        },
        "Herder_BB_ActionSelection1.Policy.Epsilon.mean": {
            "value": 0.027748627200000008,
            "min": 0.020005529600000002,
            "max": 0.027748627200000008,
            "count": 969
        },
        "Herder_BB_ActionSelection1.Policy.Epsilon.sum": {
            "value": 0.055497254400000015,
            "min": 0.020116051200000002,
            "max": 0.08322056640000002,
            "count": 969
        },
        "Herder_BB_ActionSelection1.Policy.Beta.mean": {
            "value": 9.12827944e-05,
            "min": 9.12827944e-05,
            "max": 9.999377920000002e-05,
            "count": 969
        },
        "Herder_BB_ActionSelection1.Policy.Beta.sum": {
            "value": 0.0001825655888,
            "min": 9.849302919999998e-05,
            "max": 0.0002996625215999999,
            "count": 969
        },
        "Herder_BB_ActionSelection1.IsTraining.mean": {
            "value": 1.0,
            "min": 1.0,
            "max": 1.0,
            "count": 969
        },
        "Herder_BB_ActionSelection1.IsTraining.sum": {
            "value": 1.0,
            "min": 1.0,
            "max": 1.0,
            "count": 969
        },
        "Herder_BB_ActionSelection1.Environment.EpisodeLength.mean": {
            "value": 165.3125,
            "min": 79.1,
            "max": 613.0,
            "count": 840
        },
        "Herder_BB_ActionSelection1.Environment.EpisodeLength.sum": {
            "value": 5290.0,
            "min": 258.0,
            "max": 22092.0,
            "count": 840
        },
        "Herder_BB_ActionSelection1.Environment.CumulativeReward.mean": {
            "value": -1.3210383532568812,
            "min": -44.01095151901245,
            "max": -0.00710648809160505,
            "count": 844
        },
        "Herder_BB_ActionSelection1.Environment.CumulativeReward.sum": {
            "value": -42.2732273042202,
            "min": -1584.3942546844482,
            "max": -0.4974541664123535,
            "count": 844
        },
        "Herder_BB_ActionSelection1.Policy.ExtrinsicReward.mean": {
            "value": -1.3210383532568812,
            "min": -44.01095151901245,
            "max": -0.00710648809160505,
            "count": 844
        },
        "Herder_BB_ActionSelection1.Policy.ExtrinsicReward.sum": {
            "value": -42.2732273042202,
            "min": -1584.3942546844482,
            "max": -0.4974541664123535,
            "count": 844
        }
    },
    "metadata": {
        "timer_format_version": "0.1.0",
        "start_time_seconds": "1679490326",
        "python_version": "3.6.8 (default, Nov  8 2022, 11:32:15) \n[GCC 8.5.0 20210514 (Red Hat 8.5.0-15)]",
        "command_line_arguments": "/home/576/gp9465/.local/bin/mlagents-learn /home/576/gp9465/UnityBuilds/TS/Herders_BB.yaml --env=/home/576/gp9465/UnityBuilds/TS/Shepherding_BB.x86_64 --run-id=Shepherding_TS_17 --base-port 5027",
        "mlagents_version": "0.25.0",
        "mlagents_envs_version": "0.25.0",
        "communication_protocol_version": "1.5.0",
        "pytorch_version": "1.7.1",
        "numpy_version": "1.19.5",
        "end_time_seconds": "1679495809"
    },
    "total": 5483.1828459021635,
    "count": 1,
    "self": 0.19629172794520855,
    "children": {
        "run_training.setup": {
            "total": 0.2532337890006602,
            "count": 1,
            "self": 0.2532337890006602
        },
        "TrainerController.start_learning": {
            "total": 5482.733320385218,
            "count": 1,
            "self": 4.701593294739723,
            "children": {
                "TrainerController._reset_env": {
                    "total": 4.63581880601123,
                    "count": 1,
                    "self": 4.63581880601123
                },
                "TrainerController.advance": {
                    "total": 5473.186450811569,
                    "count": 140060,
                    "self": 2.087957661598921,
                    "children": {
                        "env_step": {
                            "total": 5471.09849314997,
                            "count": 140060,
                            "self": 4394.2204915499315,
                            "children": {
                                "SubprocessEnvManager._take_step": {
                                    "total": 1075.0316874571145,
                                    "count": 140060,
                                    "self": 14.904697383288294,
                                    "children": {
                                        "TorchPolicy.evaluate": {
                                            "total": 1060.1269900738262,
                                            "count": 134654,
                                            "self": 223.23522872384638,
                                            "children": {
                                                "TorchPolicy.sample_actions": {
                                                    "total": 836.8917613499798,
                                                    "count": 134654,