{
    "name": "root",
    "gauges": {
        "Herder_BB_ActionSelection1.Policy.Entropy.mean": {
            "value": 0.26968827843666077,
            "min": 0.2506486773490906,
            "max": 1.3862420320510864,
            "count": 899
        },
        "Herder_BB_ActionSelection1.Policy.Entropy.sum": {
            "value": 1495.15185546875,
            "min": 1067.63427734375,
            "max": 9581.705078125,
            "count": 899
        },
        "Herder_BB_ActionSelection1.Curriculumstep.mean": {
            "value": 11.0,
            "min": 0.0,
            "max": 11.0,
            "count": 780
        },
        "Herder_BB_ActionSelection1.Curriculumstep.sum": {
            "value": 11.0,
            "min": 0.0,
            "max": 11.0,
            "count": 780
        },
        "Herder_BB_ActionSelection1.Policy.ExtrinsicValueEstimate.mean": {
            "value": -0.039306990802288055,
            "min": -0.819984495639801,
            "max": 0.04890492558479309,
            "count": 899
        },
        "Herder_BB_ActionSelection1.Policy.ExtrinsicValueEstimate.sum": {
            "value": -3.655550241470337,
            "min": -63.95878982543945,
            "max": 5.232827186584473,
            "count": 899
        },
        "Herder_BB_ActionSelection1.Losses.PolicyLoss.mean": {
            "value": 0.0652610506577831,
            "min": 0.05270630257676684,
            "max": 0.08639182919161577,
            "count": 899
        },
        "Herder_BB_ActionSelection1.Losses.PolicyLoss.sum": {
            "value": 0.19578315197334933,
            "min": 0.058717473642900586,
            "max": 0.24246709312793946,
            "count": 899
        },
        "Herder_BB_ActionSelection1.Losses.ValueLoss.mean": {
            "value": 0.01866152958245948,
            "min": 0.00018846061665451423,
            "max": 0.03436170534890456,
            "count": 899
        },
        "Herder_BB_ActionSelection1.Losses.ValueLoss.sum": {
            "value": 0.05598458874737844,
            "min": 0.00029398430269793606,
            "max": 0.09694569639395922,
            "count": 899
        },
        "Herder_BB_ActionSelection1.Policy.LearningRate.mean": {
            "value": 0.00022753584898566403,
            "min": 0.00022753584898566403,
            "max": 0.00024998272000691205,
            "count": 899
        },
        "Herder_BB_ActionSelection1.Policy.LearningRate.sum": {
            "value": 0.0006826075469569921,
            "min": 0.00024633763146494794,
            "max": 0.000749062560374976,
            "count": 899
        },
        "Herder_BB_ActionSelection1.Policy.Epsilon.mean": {
            "value": 0.027188531200000005,
            "min": 0.020005529600000002,
            "max": 0.027188531200000005,
            "count": 899
        },
        "Herder_BB_ActionSelection1.Policy.Epsilon.sum": {
            "value": 0.08156559360000001,
            "min": 0.020116051200000002,
            "max": 0.08156559360000001,
            "count": 899
        },
        "Herder_BB_ActionSelection1.Policy.Beta.mean": {
            "value": 9.191290239999999e-05,
            "min": 9.191290239999999e-05,
            "max": 9.999377920000002e-05,
            "count": 899
        },
        "Herder_BB_ActionSelection1.Policy.Beta.sum": {
            "value": 0.0002757387072,
            "min": 9.86815468e-05,
            "max": 0.0002996625215999999,
            "count": 899
        },
        "Herder_BB_ActionSelection1.IsTraining.mean": {
            "value": 1.0,
            "min": 1.0,
            "max": 1.0,
            "count": 899
        },
        "Herder_BB_ActionSelection1.IsTraining.sum": {
            "value": 1.0,
            "min": 1.0,
            "max": 1.0,
            "count": 899
        },
        "Herder_BB_ActionSelection1.Environment.EpisodeLength.mean": {
            "value": 144.19148936170214,
            "min": 66.15789473684211,
            "max": 613.0,
            "count": 783
        },
        "Herder_BB_ActionSelection1.Environment.EpisodeLength.sum": {
            "value": 6777.0,
            "min": 258.0,
            "max": 22096.0,
            "count": 783
        },
        "Herder_BB_ActionSelection1.Environment.CumulativeReward.mean": {
            "value": -0.9219891187306997,
            "min": -39.945895698335434,
            "max": 0.09860968951022986,
            "count": 783
        },
        "Herder_BB_ActionSelection1.Environment.CumulativeReward.sum": {
            "value": -34.11359739303589,
            "min": -1438.0522451400757,
            "max": 6.508239507675171,
            "count": 783
        },
        "Herder_BB_ActionSelection1.Policy.ExtrinsicReward.mean": {
            "value": -0.9219891187306997,
            "min": -39.945895698335434,
            "max": 0.09860968951022986,
            "count": 783
        },
        "Herder_BB_ActionSelection1.Policy.ExtrinsicReward.sum": {
            "value": -34.11359739303589,
            "min": -1438.0522451400757,
            "max": 6.508239507675171,
            "count": 783
        }
    },
    "metadata": {
        "timer_format_version": "0.1.0",
        "start_time_seconds": "1679489927",
        "python_version": "3.6.8 (default, Nov  8 2022, 11:32:15) \n[GCC 8.5.0 20210514 (Red Hat 8.5.0-15)]",
        "command_line_arguments": "/home/576/gp9465/.local/bin/mlagents-learn /home/576/gp9465/UnityBuilds/TS/Herders_BB.yaml --env=/home/576/gp9465/UnityBuilds/TS/Shepherding_BB.x86_64 --run-id=Shepherding_TS_16 --base-port 5026",
        "mlagents_version": "0.25.0",
        "mlagents_envs_version": "0.25.0",
        "communication_protocol_version": "1.5.0",
        "pytorch_version": "1.7.1",
        "numpy_version": "1.19.5",
        "end_time_seconds": "1679495075"
    },
    "total": 5148.046345917974,
    "count": 1,
    "self": 0.5381570565514266,
    "children": {
        "run_training.setup": {
            "total": 0.23063917784020305,
            "count": 1,
            "self": 0.23063917784020305
        },
        "TrainerController.start_learning": {
            "total": 5147.277549683582,
            "count": 1,
            "self": 4.15371925290674,
            "children": {
                "TrainerController._reset_env": {
                    "total": 4.313509474042803,
                    "count": 1,
                    "self": 4.313509474042803
                },
                "TrainerController.advance": {
                    "total": 5138.571623315569,
                    "count": 129949,
                    "self": 2.117163222283125,
                    "children": {
                        "env_step": {
                            "total": 5136.454460093286,
                            "count": 129949,
                            "self": 4121.616746619344,
                            "children": {
                                "SubprocessEnvManager._take_step": {
                                    "total": 1012.9183074594475,
                                    "count": 129949,
                                    "self": 14.773177517112345,
                                    "children": {
                                        "TorchPolicy.evaluate": {
                                            "total": 998.1451299423352,
                                            "count": 124919,
                                            "self": 217.3624307513237,
                                            "children": {
                                                "TorchPolicy.sample_actions": {
                                                    "total": 780.7826991910115,
                                                    "count": 124919,